대학,학과(부)/전공/영역,개설학과,학년,과정,이수구분,과목번호-분반,과목명,학점-시간,담당교수,폐강,강의시간,유연학기,비고,수업유형
대학(전체),외식산업경영연계전공,,전체,학사,교양,28703-01,경제와사회,3-3,장선해,,"수1,2,3 / 310관(310관) B603호 <대형강의실>",,핵심-도전,
대학(전체),외식산업경영연계전공,,전체,학사,교양,28703-01,경제와사회,3-3,손주현,,"화1,2,3 / 801관(중앙문화관) 205호 <강의실>",,핵심-도전,
대학(전체),외식산업경영연계전공,,전체,학사,교양,28703-02,경제와사회,3-3,손주현,,"화6,7,8 / 801관(중앙문화관) 205호 <강의실>",,핵심-도전,
대학(전체),외식산업경영연계전공,,전체,학사,교양,28703-02,경제와사회,3-3,김지영,,"목1,2,3 / 303관(303관(법학관)) 803호 <강의실>",,핵심-도전,
대학(전체),외식산업경영연계전공,,전체,학사,교양,28703-03,경제와사회,3-3,김지영,,"목4,5,6 / 303관(303관(법학관)) 803호 <강의실>",,핵심-도전,
대학(전체),외식산업경영연계전공,,전체,학사,교양,48654-01,소비자와시장,3-3,조유현,,"수4,5,6 / 310관(310관) 705호 <다빈치클래스룸>",,선택-도전,
대학(전체),외식산업경영연계전공,,전체,학사,교양,55784-01,음식의문화인류학,3-3,박지현,,"화4,5,6 / 810관(원형관) 202호 <강의실>",,선택-신뢰,
경영경제대학,외식산업경영연계전공,경영학전공,1,학사,전공기초,01333-04,경영학원론,3-3,조재은,,"수4,5,6 / 310관(310관) 412호 <강의실>",,다전공생 우선수강,
생명공학대학,외식산업경영연계전공,식품공학부,1,학사,전공기초,40250-01,식품과학개론,3-3,김선기 어중혁 이찬 이동언,,"목7,8,9 / 810관(원형관) 105호 <강의실>",,,
생명공학대학,외식산업경영연계전공,식품공학부,1,학사,전공기초,40250-02,식품과학개론,3-3,문보경,,"월5,6 / 수6 / 810관(원형관) 206호 <강의실>",,,
예술대학,외식산업경영연계전공,실내환경디자인전공,1,학사,전공기초,27720-01,실내디자인론,3-3,김영주,,"월6,7,8 / 801관(중앙문화관) 116호 <강의실>",,,
예술대학,외식산업경영연계전공,디자인학부,1,학사,전공기초,49160-04,컬러디자인,3-3,엄유민,,"화5,6,7 / 801관(중앙문화관) 301호 <강의실>",,패션,
예술대학,외식산업경영연계전공,실내환경디자인전공,2,학사,전공,47751-01,공간디자인과 문화기획,3-3,장연화,,"수6,7,8 / 801관(중앙문화관) 117호 <조형실습실>",,,
생명공학대학,외식산업경영연계전공,식품영양전공,2,학사,전공필수,49118-01,기초영양학 (영어A강의),3-3,문성권,,"화5,6 / 목5 / 810관(원형관) 101호 <강의실>",,,
경영경제대학,외식산업경영연계전공,경영학전공,2,학사,전공필수,06793-05,마케팅,3-3,이일한,,월(10:30~11:45) / 수(10:30~11:45) / 310관(310관) 611호 <강의실>,,,
생명공학대학,외식산업경영연계전공,식품영양전공,2,학사,전공,52318-01,식품가공저장학,3-3,손양주,,"화7 / 목7,8 / 810관(원형관) 311호 <강의실>",,,
예술대학,외식산업경영연계전공,실내환경디자인전공,2,학사,전공필수,40839-01,환경행태이론,3-3,권혜진,,"목1,2,3 / 801관(중앙문화관) 116호 <강의실>",,,
생명공학대학,외식산업경영연계전공,식품영양전공,3,학사,전공필수,37087-01,단체급식관리및실습,3-3,신상아,,"월7 / 수7,8 / 810관(원형관) 306호 <강의실>",,,
경영경제대학,외식산업경영연계전공,경영학전공,3,학사,전공,11561-06,소비자행동론,3-3,황금주,,화(16:30~17:45) / 목(16:30~17:45) / 00 000000,,,동영상
생명공학대학,외식산업경영연계전공,식품영양전공,3,학사,전공,15776-01,외식산업경영 (영어A강의),3-3,신상아,,"월5,6 / 수6 / 810관(원형관) 101호 <강의실>",,,
경영경제대학,외식산업경영연계전공,경영학전공,3,학사,전공,54029-03,인적자원관리 (영어A강의),3-3,이종건,,"금4,5,6 / 310관(310관) 926호 <강의실>",,,
생명공학대학,외식산업경영연계전공,식품공학부,4,학사,전공,35720-02,기능성식품학,3-3,손양주,,"월7 / 수7,8 / 810관(원형관) 312호 <강의실>",,,
생명공학대학,외식산업경영연계전공,식품영양전공,4,학사,전공,37089-01,발효식품학,3-3,이선영,,"월5,6 / 수6 / 810관(원형관) 311호 <강의실>",,,
경영경제대학,외식산업경영연계전공,경영학전공,4,학사,전공,30730-01,사회적책임과기업윤리,3-3,조유현,,"금1,2,3 / 310관(310관) 928호 <강의실>",,,
생명공학대학,외식산업경영연계전공,식품영양전공,4,학사,전공,12617-01,식품독성학,3-3,윤영현,,"금1,2,3 / 810관(원형관) 513호 <강의실>",,,
소프트웨어대학,금융공학융합전공,소프트웨어학부,1,학사,전공기초,51293-07,기초컴퓨터프로그래밍,3-3,김진성,,"월3,4 / 수3 / 208관(208관(제2공학관)) 519호 <코드부트캠프실습실1>",,"자과생수강불가,비전공자전용",
소프트웨어대학,금융공학융합전공,소프트웨어학부,1,학사,전공기초,51293-08,기초컴퓨터프로그래밍,3-3,김승태,,"목10,11,12 / 208관(208관(제2공학관)) 601호 <소프트웨어학부 PC 실습실>",,"자과생수강불가,비전공자전용",
경영경제대학,금융공학융합전공,경제학부(서울),2,학사,전공필수,00736-01,거시경제학,3-3,김배근,,화(15:00~16:15) / 목(15:00~16:15) / 310관(310관) 802호 <강의실>,,,
경영경제대학,금융공학융합전공,경제학부(서울),2,학사,전공필수,00736-02,거시경제학,3-3,신현호,,"수7,8,9 / 310관(310관) 412호 <강의실>",,,
경영경제대학,금융공학융합전공,경제학부(서울),2,학사,전공필수,01566-01,계량경제학,3-3,이광훈,,월(13:30~14:45) / 수(13:30~14:45) / 00 000000,,,동영상
경영경제대학,금융공학융합전공,경제학부(서울),2,학사,전공필수,01566-02,계량경제학 (영어A강의),3-3,송원호,,월(09:00~10:15) / 수(09:00~10:15) / 310관(310관) 818호 <강의실>,,,
경영경제대학,금융공학융합전공,경제학부(서울),2,학사,전공필수,01566-03,계량경제학 (영어A강의),3-3,박성용,,화(09:00~10:15) / 목(09:00~10:15) / 310관(310관) 928호 <강의실>,,,
소프트웨어대학,금융공학융합전공,소프트웨어학부,2,학사,전공,49148-04,소프트웨어프로젝트 (영어A강의),3-3,이준우,,"목7,8,9 / 208관(208관(제2공학관)) 101호 <강의실>",,"자과생수강불가, 비전공자전용",
소프트웨어대학,금융공학융합전공,소프트웨어학부,2,학사,전공필수,40989-05,자료구조,3-3,장계봉,,"금7,8,9 / 310관(310관) 619호 <강의실>",,"자과생수강불가,비전공자전용",
경영경제대학,금융공학융합전공,경영학전공,2,학사,전공필수,27807-01,중급재무회계(Ⅰ),3-3,전영순,,화(15:00~16:15) / 목(15:00~16:15) / 310관(310관) 926호 <강의실>,,,
경영경제대학,금융공학융합전공,경영학전공,2,학사,전공,27808-01,중급재무회계(Ⅱ),3-3,박재환,,화(10:30~11:45) / 목(10:30~11:45) / 310관(310관) 928호 <강의실>,,,
경영경제대학,금융공학융합전공,경영학전공,2,학사,전공,21961-01,투자론,3-3,오규택,,월(09:00~10:15) / 수(09:00~10:15) / 310관(310관) 605호 <강의실>,,,
대학(전체),금융공학융합전공,금융공학융합전공,2,학사,전공,40150-01,파생상품,3-3,유시용,,월(13:30~14:45) / 수(13:30~14:45) / 310관(310관) 804호 <강의실>,,융합전공,혼합형(실시간+동영상)
대학(전체),금융공학융합전공,금융공학융합전공,3,학사,전공필수,56600-01,분산금융개론,3-3,이승현,,"목11,12,13 / 310관(310관) 412호 <강의실>",,융합전공,
소프트웨어대학,금융공학융합전공,소프트웨어학부,3,학사,전공필수,13601-03,알고리즘,3-3,김현준,,"목7,8,9 / 310관(310관) 726호 <강의실>",,"자과생수강불가,비전공자전용",
경영경제대학,금융공학융합전공,응용통계학과,3,학사,전공필수,25039-01,회귀분석,3-3,성병찬,,화(13:30~14:45) / 목(13:30~14:45) / 310관(310관) 920호 <강의실>,,,
경영경제대학,금융공학융합전공,응용통계학과,3,학사,전공필수,25039-02,회귀분석 (영어A강의),3-3,김원국,,월(13:30~14:45) / 수(13:30~14:45) / 310관(310관) 922호 <강의실>,,,
대학(전체),금융공학융합전공,금융공학융합전공,4,학사,전공,55222-01,금융기계학습,3-3,유시용,,월(15:00~16:15) / 수(15:00~16:15) / 310관(310관) 818호 <강의실>,,융합전공,혼합형(실시간+동영상)
대학(전체),금융공학융합전공,금융공학융합전공,4,학사,전공필수,56601-01,금융인공지능실습(1),3-3,김종현,,"목7,8,9 / 310관(310관) 311호 <강의실>",,융합전공,
경영경제대학,금융공학융합전공,응용통계학과,4,학사,전공,56093-01,데이터마이닝 (영어A강의),3-3,김원국,,화(13:30~14:45) / 목(13:30~14:45) / 310관(310관) 927호 <강의실>,,,
경영경제대학,금융공학융합전공,응용통계학과,4,학사,전공,53991-01,시계열분석론 (영어A강의),3-3,김삼용,,화(10:30~11:45) / 목(10:30~11:45) / 310관(310관) 927호 <강의실>,,,
대학(전체),외식산업경영연계전공,,전체,학사,교양,28703-01,경제와사회,3-3,장선해,,"수1,2,3 / 310관(310관) B603호 <대형강의실>",,핵심-도전,
대학(전체),외식산업경영연계전공,,전체,학사,교양,28703-01,경제와사회,3-3,손주현,,"화1,2,3 / 801관(중앙문화관) 205호 <강의실>",,핵심-도전,
대학(전체),외식산업경영연계전공,,전체,학사,교양,28703-02,경제와사회,3-3,손주현,,"화6,7,8 / 801관(중앙문화관) 205호 <강의실>",,핵심-도전,
대학(전체),외식산업경영연계전공,,전체,학사,교양,28703-02,경제와사회,3-3,김지영,,"목1,2,3 / 303관(303관(법학관)) 803호 <강의실>",,핵심-도전,
대학(전체),외식산업경영연계전공,,전체,학사,교양,28703-03,경제와사회,3-3,김지영,,"목4,5,6 / 303관(303관(법학관)) 803호 <강의실>",,핵심-도전,
대학(전체),외식산업경영연계전공,,전체,학사,교양,48654-01,소비자와시장,3-3,조유현,,"수4,5,6 / 310관(310관) 705호 <다빈치클래스룸>",,선택-도전,
대학(전체),외식산업경영연계전공,,전체,학사,교양,55784-01,음식의문화인류학,3-3,박지현,,"화4,5,6 / 810관(원형관) 202호 <강의실>",,선택-신뢰,
경영경제대학,외식산업경영연계전공,경영학전공,1,학사,전공기초,01333-04,경영학원론,3-3,조재은,,"수4,5,6 / 310관(310관) 412호 <강의실>",,다전공생 우선수강,
생명공학대학,외식산업경영연계전공,식품공학부,1,학사,전공기초,40250-01,식품과학개론,3-3,김선기 어중혁 이찬 이동언,,"목7,8,9 / 810관(원형관) 105호 <강의실>",,,
생명공학대학,외식산업경영연계전공,식품공학부,1,학사,전공기초,40250-02,식품과학개론,3-3,문보경,,"월5,6 / 수6 / 810관(원형관) 206호 <강의실>",,,
예술대학,외식산업경영연계전공,실내환경디자인전공,1,학사,전공기초,27720-01,실내디자인론,3-3,김영주,,"월6,7,8 / 801관(중앙문화관) 116호 <강의실>",,,
예술대학,외식산업경영연계전공,디자인학부,1,학사,전공기초,49160-04,컬러디자인,3-3,엄유민,,"화5,6,7 / 801관(중앙문화관) 301호 <강의실>",,패션,
예술대학,외식산업경영연계전공,실내환경디자인전공,2,학사,전공,47751-01,공간디자인과 문화기획,3-3,장연화,,"수6,7,8 / 801관(중앙문화관) 117호 <조형실습실>",,,
생명공학대학,외식산업경영연계전공,식품영양전공,2,학사,전공필수,49118-01,기초영양학 (영어A강의),3-3,문성권,,"화5,6 / 목5 / 810관(원형관) 101호 <강의실>",,,
경영경제대학,외식산업경영연계전공,경영학전공,2,학사,전공필수,06793-05,마케팅,3-3,이일한,,월(10:30~11:45) / 수(10:30~11:45) / 310관(310관) 611호 <강의실>,,,
생명공학대학,외식산업경영연계전공,식품영양전공,2,학사,전공,52318-01,식품가공저장학,3-3,손양주,,"화7 / 목7,8 / 810관(원형관) 311호 <강의실>",,,
예술대학,외식산업경영연계전공,실내환경디자인전공,2,학사,전공필수,40839-01,환경행태이론,3-3,권혜진,,"목1,2,3 / 801관(중앙문화관) 116호 <강의실>",,,
생명공학대학,외식산업경영연계전공,식품영양전공,3,학사,전공필수,37087-01,단체급식관리및실습,3-3,신상아,,"월7 / 수7,8 / 810관(원형관) 306호 <강의실>",,,
경영경제대학,외식산업경영연계전공,경영학전공,3,학사,전공,11561-06,소비자행동론,3-3,황금주,,화(16:30~17:45) / 목(16:30~17:45) / 00 000000,,,동영상
생명공학대학,외식산업경영연계전공,식품영양전공,3,학사,전공,15776-01,외식산업경영 (영어A강의),3-3,신상아,,"월5,6 / 수6 / 810관(원형관) 101호 <강의실>",,,
경영경제대학,외식산업경영연계전공,경영학전공,3,학사,전공,54029-03,인적자원관리 (영어A강의),3-3,이종건,,"금4,5,6 / 310관(310관) 926호 <강의실>",,,
생명공학대학,외식산업경영연계전공,식품공학부,4,학사,전공,35720-02,기능성식품학,3-3,손양주,,"월7 / 수7,8 / 810관(원형관) 312호 <강의실>",,,
생명공학대학,외식산업경영연계전공,식품영양전공,4,학사,전공,37089-01,발효식품학,3-3,이선영,,"월5,6 / 수6 / 810관(원형관) 311호 <강의실>",,,
경영경제대학,외식산업경영연계전공,경영학전공,4,학사,전공,30730-01,사회적책임과기업윤리,3-3,조유현,,"금1,2,3 / 310관(310관) 928호 <강의실>",,,
생명공학대학,외식산업경영연계전공,식품영양전공,4,학사,전공,12617-01,식품독성학,3-3,윤영현,,"금1,2,3 / 810관(원형관) 513호 <강의실>",,,
소프트웨어대학,금융공학융합전공,소프트웨어학부,1,학사,전공기초,51293-07,기초컴퓨터프로그래밍,3-3,김진성,,"월3,4 / 수3 / 208관(208관(제2공학관)) 519호 <코드부트캠프실습실1>",,"자과생수강불가,비전공자전용",
소프트웨어대학,금융공학융합전공,소프트웨어학부,1,학사,전공기초,51293-08,기초컴퓨터프로그래밍,3-3,김승태,,"목10,11,12 / 208관(208관(제2공학관)) 601호 <소프트웨어학부 PC 실습실>",,"자과생수강불가,비전공자전용",
경영경제대학,금융공학융합전공,경제학부(서울),2,학사,전공필수,00736-01,거시경제학,3-3,김배근,,화(15:00~16:15) / 목(15:00~16:15) / 310관(310관) 802호 <강의실>,,,
경영경제대학,금융공학융합전공,경제학부(서울),2,학사,전공필수,00736-02,거시경제학,3-3,신현호,,"수7,8,9 / 310관(310관) 412호 <강의실>",,,
경영경제대학,금융공학융합전공,경제학부(서울),2,학사,전공필수,01566-01,계량경제학,3-3,이광훈,,월(13:30~14:45) / 수(13:30~14:45) / 00 000000,,,동영상
경영경제대학,금융공학융합전공,경제학부(서울),2,학사,전공필수,01566-02,계량경제학 (영어A강의),3-3,송원호,,월(09:00~10:15) / 수(09:00~10:15) / 310관(310관) 818호 <강의실>,,,
경영경제대학,금융공학융합전공,경제학부(서울),2,학사,전공필수,01566-03,계량경제학 (영어A강의),3-3,박성용,,화(09:00~10:15) / 목(09:00~10:15) / 310관(310관) 928호 <강의실>,,,
소프트웨어대학,금융공학융합전공,소프트웨어학부,2,학사,전공,49148-04,소프트웨어프로젝트 (영어A강의),3-3,이준우,,"목7,8,9 / 208관(208관(제2공학관)) 101호 <강의실>",,"자과생수강불가, 비전공자전용",
소프트웨어대학,금융공학융합전공,소프트웨어학부,2,학사,전공필수,40989-05,자료구조,3-3,장계봉,,"금7,8,9 / 310관(310관) 619호 <강의실>",,"자과생수강불가,비전공자전용",
경영경제대학,금융공학융합전공,경영학전공,2,학사,전공필수,27807-01,중급재무회계(Ⅰ),3-3,전영순,,화(15:00~16:15) / 목(15:00~16:15) / 310관(310관) 926호 <강의실>,,,
경영경제대학,금융공학융합전공,경영학전공,2,학사,전공,27808-01,중급재무회계(Ⅱ),3-3,박재환,,화(10:30~11:45) / 목(10:30~11:45) / 310관(310관) 928호 <강의실>,,,
경영경제대학,금융공학융합전공,경영학전공,2,학사,전공,21961-01,투자론,3-3,오규택,,월(09:00~10:15) / 수(09:00~10:15) / 310관(310관) 605호 <강의실>,,,
대학(전체),금융공학융합전공,금융공학융합전공,2,학사,전공,40150-01,파생상품,3-3,유시용,,월(13:30~14:45) / 수(13:30~14:45) / 310관(310관) 804호 <강의실>,,융합전공,혼합형(실시간+동영상)
대학(전체),금융공학융합전공,금융공학융합전공,3,학사,전공필수,56600-01,분산금융개론,3-3,이승현,,"목11,12,13 / 310관(310관) 412호 <강의실>",,융합전공,
소프트웨어대학,금융공학융합전공,소프트웨어학부,3,학사,전공필수,13601-03,알고리즘,3-3,김현준,,"목7,8,9 / 310관(310관) 726호 <강의실>",,"자과생수강불가,비전공자전용",
경영경제대학,금융공학융합전공,응용통계학과,3,학사,전공필수,25039-01,회귀분석,3-3,성병찬,,화(13:30~14:45) / 목(13:30~14:45) / 310관(310관) 920호 <강의실>,,,
경영경제대학,금융공학융합전공,응용통계학과,3,학사,전공필수,25039-02,회귀분석 (영어A강의),3-3,김원국,,월(13:30~14:45) / 수(13:30~14:45) / 310관(310관) 922호 <강의실>,,,
대학(전체),금융공학융합전공,금융공학융합전공,4,학사,전공,55222-01,금융기계학습,3-3,유시용,,월(15:00~16:15) / 수(15:00~16:15) / 310관(310관) 818호 <강의실>,,융합전공,혼합형(실시간+동영상)
대학(전체),금융공학융합전공,금융공학융합전공,4,학사,전공필수,56601-01,금융인공지능실습(1),3-3,김종현,,"목7,8,9 / 310관(310관) 311호 <강의실>",,융합전공,
경영경제대학,금융공학융합전공,응용통계학과,4,학사,전공,56093-01,데이터마이닝 (영어A강의),3-3,김원국,,화(13:30~14:45) / 목(13:30~14:45) / 310관(310관) 927호 <강의실>,,,
경영경제대학,금융공학융합전공,응용통계학과,4,학사,전공,53991-01,시계열분석론 (영어A강의),3-3,김삼용,,화(10:30~11:45) / 목(10:30~11:45) / 310관(310관) 927호 <강의실>,,,
대학(전체),외식산업경영연계전공,,전체,학사,교양,28703-01,경제와사회,3-3,김지영,,"금1,2,3 / 303관(303관(법학관)) 405호 <강의실>",,핵심-도전,
대학(전체),외식산업경영연계전공,,전체,학사,교양,28703-01,경제와사회,3-3,손주현,,"화1,2,3 / 801관(중앙문화관) 205호 <강의실>",,핵심-도전,
대학(전체),외식산업경영연계전공,,전체,학사,교양,28703-02,경제와사회,3-3,김지영,,"금4,5,6 / 303관(303관(법학관)) 405호 <강의실>",,핵심-도전,
대학(전체),외식산업경영연계전공,,전체,학사,교양,28703-02,경제와사회,3-3,손주현,,"화6,7,8 / 801관(중앙문화관) 205호 <강의실>",,핵심-도전,
대학(전체),외식산업경영연계전공,,전체,학사,교양,28703-03,경제와사회,3-3,장선해,,"월1,2,3 / 310관(310관) B603호 <대형강의실>",,핵심-도전,
대학(전체),외식산업경영연계전공,,전체,학사,교양,28703-04,경제와사회,3-3,장선해,,"토1,2,3 / 310관(310관) 505호 <강의실>",,핵심-도전 지식경영학부외 수강불가/정정기간에는 통합여석 적용 예정[[수강대상 : 지식경영학부]],
대학(전체),외식산업경영연계전공,,전체,학사,교양,55784-01,음식의문화인류학,3-3,박지현,,"화4,5,6 / 310관(310관) 503호 <강의실>",,선택-신뢰,
경영경제대학,외식산업경영연계전공,경영학전공,1,학사,전공기초,01333-03,경영학원론,3-3,정예숙,,화(15:00~16:15) / 목(15:00~16:15) / 310관(310관) 722호 <강의실>,,다전공 수강대상,
생명공학대학,외식산업경영연계전공,식품공학부,1,학사,전공기초,13266-01,실험통계학,3-3,이선영,,월(14:00~15:15) / 수(14:00~15:15) / 810관(원형관) 101호 <강의실>,,,
생명공학대학,외식산업경영연계전공,식품영양전공,2,학사,전공,01798-01,고급영양학 (영어A강의),3-3,이복희,,"월1,2 / 수2 / 904관,905관(생명공학관 2관,3관) 108-1호 <강의실>",,,
경영경제대학,외식산업경영연계전공,경영학전공,2,학사,전공필수,06793-01,마케팅 (영어A강의),3-3,최인혁,,"금7,8,9 / 310관(310관) 927호 <강의실>",,,
생명공학대학,외식산업경영연계전공,식품영양전공,2,학사,전공필수,19392-01,조리과학,3-3,,,"월3,4 / 수3 / 810관(원형관) 513호 <강의실>",,,
예술대학,외식산업경영연계전공,실내환경디자인전공,3,학사,전공,40855-01,공간디자인마케팅,3-3,장연화,,"수6,7,8 / 801관(중앙문화관) 118호 <스튜디오1>",,,
생명공학대학,외식산업경영연계전공,식품영양전공,3,학사,전공,04335-01,급식경영및인사관리,3-3,신상아,,"월2 / 수1,2 / 810관(원형관) 101호 <강의실>",,,
경영경제대학,외식산업경영연계전공,경제학부(서울),3,학사,전공,10235-02,산업조직론,3-3,,,화(13:30~14:45) / 목(13:30~14:45) / 310관(310관) 611호 <강의실>,,다전공생 수강가능,
생명공학대학,외식산업경영연계전공,식품영양전공,3,학사,전공,31189-01,생애주기영양학,3-3,문성권,,"화5,6 / 목5 / 810관(원형관) 512호 <강의실>",,,
생명공학대학,외식산업경영연계전공,식품영양전공,3,학사,전공필수,12709-01,식품위생학,3-3,최창순,,"금1,2,3 / 810관(원형관) 514호 <강의실>",,,
경영경제대학,외식산업경영연계전공,경영학전공,3,학사,전공,54029-02,인적자원관리 (영어A강의),3-3,이종건,,"금7,8,9 / 310관(310관) 928호 <강의실>",,,
경영경제대학,외식산업경영연계전공,경영학전공,4,학사,전공,30730-01,사회적책임과기업윤리,3-3,조유현,,"금1,2,3 / 310관(310관) 928호 <강의실>",,,
생명공학대학,외식산업경영연계전공,식품영양전공,4,학사,전공,49125-01,식생활과문화,3-3,,,"월6 / 수5,6 / 810관(원형관) 514호 <강의실>",,,
경영경제대학,외식산업경영연계전공,경제학부(서울),4,학사,전공,51442-02,유통서비스경제론,3-3,신영호,,"목7,8,9 / 310관(310관) 310호 <강의실>",,다전공생 수강가능,
소프트웨어대학,금융공학융합전공,소프트웨어학부,1,학사,전공,49361-01,비쥬얼프로그래밍,3-3,김승태,,"목7,8,9 / 208관(208관(제2공학관)) 515호 <코드부트캠프실습실2>",,"자과생수강불가,비전공자전용",
소프트웨어대학,금융공학융합전공,소프트웨어학부,1,학사,전공,49361-02,비쥬얼프로그래밍,3-3,남상혁,,"화7,8,9 / 208관(208관(제2공학관)) 415호 <데이터사이언스&딥러닝실험실>",,"자과생수강불가, 비전공자전용",
소프트웨어대학,금융공학융합전공,소프트웨어학부,1,학사,전공,49361-03,비쥬얼프로그래밍,3-3,,,"금7,8,9 / 310관(310관) 726호 <강의실>",,"자과생수강불가, 비전공자전용",
소프트웨어대학,금융공학융합전공,소프트웨어학부,1,학사,전공기초,47710-07,프로그래밍,3-4,장계봉,,"금7,8,9,10 / 310관(310관) 620호 <강의실>",,"자과생수강불가,비전공자전용",
소프트웨어대학,금융공학융합전공,소프트웨어학부,1,학사,전공기초,47710-08,프로그래밍,3-4,김현준,,"목7,8,9,10 / 310관(310관) B311호 <SW융합 PC실1>",,"자과생수강불가, 비전공자전용",
경영경제대학,금융공학융합전공,경제학부(서울),2,학사,전공필수,00736-03,거시경제학,3-3,,,"수1,2,3 / 310관(310관) 310호 <강의실>",,다전공생 수강가능,
경영경제대학,금융공학융합전공,경제학부(서울),2,학사,전공필수,01566-01,계량경제학,3-3,양수용,,"월1,2,3 / 310관(310관) 801호 <강의실>",,다전공생 수강가능,
자연과학대학,금융공학융합전공,수학과,2,학사,전공,11934-01,수치해석 (영어A강의),3-3,김영삼,,"화5,6 / 목6 / 102관(102관(약학대학 및 R&D센터)) 109호 <강의실>",,,
경영경제대학,금융공학융합전공,경영학전공,2,학사,전공,27808-01,중급재무회계(Ⅱ),3-3,정도진,,월(10:30~11:45) / 수(10:30~11:45) / 310관(310관) 921호 <강의실>,,,
경영경제대학,금융공학융합전공,경영학전공,2,학사,전공,21961-04,투자론 (영어A강의),3-3,김동현,,"금7,8,9 / 00 000000",,,혼합형(실시간+동영상)
대학(전체),금융공학융합전공,금융공학융합전공,3,학사,전공,55221-02,금융인공지능,3-3,유시용,,월(13:30~14:45) / 수(13:30~14:45) / 310관(310관) 927호 <강의실>,,융합전공,
소프트웨어대학,금융공학융합전공,소프트웨어학부,3,학사,전공,52320-02,웹프로그래밍,3-3,김상욱,,"화7,8,9 / 310관(310관) 619호 <강의실>",,"자과생수강불가, 비전공자전용",
소프트웨어대학,금융공학융합전공,소프트웨어학부,3,학사,전공,52320-01,웹프로그래밍 (영어A강의),3-3,김상욱,,"월7,8,9 / 310관(310관) 622호 <강의실>",,"자과생수강불가, 비전공자전용",
경영경제대학,금융공학융합전공,경제학부(서울),3,학사,전공,54461-01,응용계량경제학,3-3,이광훈,,월(10:30~11:45) / 수(10:30~11:45) / 00 000000,,다전공생 수강가능,동영상
소프트웨어대학,금융공학융합전공,소프트웨어학부,3,학사,전공,17182-01,인공지능,3-3,김대원,,"금2,3,4 / 310관(310관) 726호 <강의실>",,공학주제(설계1),
소프트웨어대학,금융공학융합전공,소프트웨어학부,3,학사,전공,17182-03,인공지능,3-3,,,"수5,6 / 월6 / 310관(310관) 726호 <강의실> / 727호 <강의실>",,공학주제(설계1),
소프트웨어대학,금융공학융합전공,소프트웨어학부,3,학사,전공,17182-02,인공지능 (영어A강의),3-3,,,"월3,4 / 수3 / 310관(310관) 727호 <강의실>",,공학주제(설계1),
경영경제대학,금융공학융합전공,응용통계학과,3,학사,전공,53994-01,통계학습개론 (영어A강의),3-3,임예지,,화(10:30~11:45) / 목(10:30~11:45) / 310관(310관) 702호 <강의실>,,,
경영경제대학,금융공학융합전공,응용통계학과,4,학사,전공,57129-01,AI를 위한 머신러닝(캡스톤디자인) (영어A강의),3-3,곽일엽,,월(10:30~11:45) / 수(10:30~11:45) / 310관(310관) 815호 <세미나실8>,,,
자연과학대학,금융공학융합전공,수학과,4,학사,전공,33675-01,금융수학 (영어A강의),3-3,홍영훈,,"월7 / 수7,8 / 102관(102관(약학대학 및 R&D센터)) 805호 <강의실>",,,
대학(전체),금융공학융합전공,금융공학융합전공,4,학사,전공필수,56606-02,금융인공지능실습(2),3-3,김종현,,"목7,8,9 / 310관(310관) 412호 <강의실>",,융합전공,
소프트웨어대학,금융공학융합전공,소프트웨어학부,4,학사,전공,50648-01,빅 데이터,3-3,김무철,,"화5,6 / 목5 / 310관(310관) 726호 <강의실>",,공학주제,
경영경제대학,금융공학융합전공,응용통계학과,4,학사,전공,21893-01,통계학세미나 (영어A강의),3-3,김삼용,,화(10:30~11:45) / 목(10:30~11:45) / 310관(310관) 927호 <강의실>,,,
소프트웨어대학,금융공학융합전공,소프트웨어학부,4,학사,전공,56122-01,패턴 인식 응용,3-3,박재화,,"금4,5,6 / 208관(208관(제2공학관)) 213호 <SW교육 첨단강의실1>",,공학주제,
대학(전체),외식산업경영연계전공,,전체,학사,교양,28703-01,경제와사회,3-3,김지영,,"금1,2,3 / 303관(303관(법학관)) 405호 <강의실>",,핵심-도전,
대학(전체),외식산업경영연계전공,,전체,학사,교양,28703-01,경제와사회,3-3,손주현,,"화1,2,3 / 801관(중앙문화관) 205호 <강의실>",,핵심-도전,
대학(전체),외식산업경영연계전공,,전체,학사,교양,28703-02,경제와사회,3-3,김지영,,"금4,5,6 / 303관(303관(법학관)) 405호 <강의실>",,핵심-도전,
대학(전체),외식산업경영연계전공,,전체,학사,교양,28703-02,경제와사회,3-3,손주현,,"화6,7,8 / 801관(중앙문화관) 205호 <강의실>",,핵심-도전,
대학(전체),외식산업경영연계전공,,전체,학사,교양,28703-03,경제와사회,3-3,장선해,,"월1,2,3 / 310관(310관) B603호 <대형강의실>",,핵심-도전,
대학(전체),외식산업경영연계전공,,전체,학사,교양,28703-04,경제와사회,3-3,장선해,,"토1,2,3 / 310관(310관) 505호 <강의실>",,핵심-도전 지식경영학부외 수강불가/정정기간에는 통합여석 적용 예정[[수강대상 : 지식경영학부]],
대학(전체),외식산업경영연계전공,,전체,학사,교양,55784-01,음식의문화인류학,3-3,박지현,,"화4,5,6 / 310관(310관) 503호 <강의실>",,선택-신뢰,
경영경제대학,외식산업경영연계전공,경영학전공,1,학사,전공기초,01333-03,경영학원론,3-3,정예숙,,화(15:00~16:15) / 목(15:00~16:15) / 310관(310관) 722호 <강의실>,,다전공 수강대상,
생명공학대학,외식산업경영연계전공,식품공학부,1,학사,전공기초,13266-01,실험통계학,3-3,이선영,,월(14:00~15:15) / 수(14:00~15:15) / 810관(원형관) 101호 <강의실>,,,
생명공학대학,외식산업경영연계전공,식품영양전공,2,학사,전공,01798-01,고급영양학 (영어A강의),3-3,이복희,,"월1,2 / 수2 / 904관,905관(생명공학관 2관,3관) 108-1호 <강의실>",,,
경영경제대학,외식산업경영연계전공,경영학전공,2,학사,전공필수,06793-01,마케팅 (영어A강의),3-3,최인혁,,"금7,8,9 / 310관(310관) 927호 <강의실>",,,
생명공학대학,외식산업경영연계전공,식품영양전공,2,학사,전공필수,19392-01,조리과학,3-3,,,"월3,4 / 수3 / 810관(원형관) 513호 <강의실>",,,
예술대학,외식산업경영연계전공,실내환경디자인전공,3,학사,전공,40855-01,공간디자인마케팅,3-3,장연화,,"수6,7,8 / 801관(중앙문화관) 118호 <스튜디오1>",,,
생명공학대학,외식산업경영연계전공,식품영양전공,3,학사,전공,04335-01,급식경영및인사관리,3-3,신상아,,"월2 / 수1,2 / 810관(원형관) 101호 <강의실>",,,
경영경제대학,외식산업경영연계전공,경제학부(서울),3,학사,전공,10235-02,산업조직론,3-3,,,화(13:30~14:45) / 목(13:30~14:45) / 310관(310관) 611호 <강의실>,,다전공생 수강가능,
생명공학대학,외식산업경영연계전공,식품영양전공,3,학사,전공,31189-01,생애주기영양학,3-3,문성권,,"화5,6 / 목5 / 810관(원형관) 512호 <강의실>",,,
생명공학대학,외식산업경영연계전공,식품영양전공,3,학사,전공필수,12709-01,식품위생학,3-3,최창순,,"금1,2,3 / 810관(원형관) 514호 <강의실>",,,
경영경제대학,외식산업경영연계전공,경영학전공,3,학사,전공,54029-02,인적자원관리 (영어A강의),3-3,이종건,,"금7,8,9 / 310관(310관) 928호 <강의실>",,,
경영경제대학,외식산업경영연계전공,경영학전공,4,학사,전공,30730-01,사회적책임과기업윤리,3-3,조유현,,"금1,2,3 / 310관(310관) 928호 <강의실>",,,
생명공학대학,외식산업경영연계전공,식품영양전공,4,학사,전공,49125-01,식생활과문화,3-3,,,"월6 / 수5,6 / 810관(원형관) 514호 <강의실>",,,
경영경제대학,외식산업경영연계전공,경제학부(서울),4,학사,전공,51442-02,유통서비스경제론,3-3,신영호,,"목7,8,9 / 310관(310관) 310호 <강의실>",,다전공생 수강가능,
소프트웨어대학,금융공학융합전공,소프트웨어학부,1,학사,전공,49361-01,비쥬얼프로그래밍,3-3,김승태,,"목7,8,9 / 208관(208관(제2공학관)) 515호 <코드부트캠프실습실2>",,"자과생수강불가,비전공자전용",
소프트웨어대학,금융공학융합전공,소프트웨어학부,1,학사,전공,49361-02,비쥬얼프로그래밍,3-3,남상혁,,"화7,8,9 / 208관(208관(제2공학관)) 415호 <데이터사이언스&딥러닝실험실>",,"자과생수강불가, 비전공자전용",
소프트웨어대학,금융공학융합전공,소프트웨어학부,1,학사,전공,49361-03,비쥬얼프로그래밍,3-3,,,"금7,8,9 / 310관(310관) 726호 <강의실>",,"자과생수강불가, 비전공자전용",
소프트웨어대학,금융공학융합전공,소프트웨어학부,1,학사,전공기초,47710-07,프로그래밍,3-4,장계봉,,"금7,8,9,10 / 310관(310관) 620호 <강의실>",,"자과생수강불가,비전공자전용",
소프트웨어대학,금융공학융합전공,소프트웨어학부,1,학사,전공기초,47710-08,프로그래밍,3-4,김현준,,"목7,8,9,10 / 310관(310관) B311호 <SW융합 PC실1>",,"자과생수강불가, 비전공자전용",
경영경제대학,금융공학융합전공,경제학부(서울),2,학사,전공필수,00736-03,거시경제학,3-3,,,"수1,2,3 / 310관(310관) 310호 <강의실>",,다전공생 수강가능,
경영경제대학,금융공학융합전공,경제학부(서울),2,학사,전공필수,01566-01,계량경제학,3-3,양수용,,"월1,2,3 / 310관(310관) 801호 <강의실>",,다전공생 수강가능,
자연과학대학,금융공학융합전공,수학과,2,학사,전공,11934-01,수치해석 (영어A강의),3-3,김영삼,,"화5,6 / 목6 / 102관(102관(약학대학 및 R&D센터)) 109호 <강의실>",,,
경영경제대학,금융공학융합전공,경영학전공,2,학사,전공,27808-01,중급재무회계(Ⅱ),3-3,정도진,,월(10:30~11:45) / 수(10:30~11:45) / 310관(310관) 921호 <강의실>,,,
경영경제대학,금융공학융합전공,경영학전공,2,학사,전공,21961-04,투자론 (영어A강의),3-3,김동현,,"금7,8,9 / 00 000000",,,혼합형(실시간+동영상)
대학(전체),금융공학융합전공,금융공학융합전공,3,학사,전공,55221-02,금융인공지능,3-3,유시용,,월(13:30~14:45) / 수(13:30~14:45) / 310관(310관) 927호 <강의실>,,융합전공,
소프트웨어대학,금융공학융합전공,소프트웨어학부,3,학사,전공,52320-02,웹프로그래밍,3-3,김상욱,,"화7,8,9 / 310관(310관) 619호 <강의실>",,"자과생수강불가, 비전공자전용",
소프트웨어대학,금융공학융합전공,소프트웨어학부,3,학사,전공,52320-01,웹프로그래밍 (영어A강의),3-3,김상욱,,"월7,8,9 / 310관(310관) 622호 <강의실>",,"자과생수강불가, 비전공자전용",
경영경제대학,금융공학융합전공,경제학부(서울),3,학사,전공,54461-01,응용계량경제학,3-3,이광훈,,월(10:30~11:45) / 수(10:30~11:45) / 00 000000,,다전공생 수강가능,동영상
소프트웨어대학,금융공학융합전공,소프트웨어학부,3,학사,전공,17182-01,인공지능,3-3,김대원,,"금2,3,4 / 310관(310관) 726호 <강의실>",,공학주제(설계1),
소프트웨어대학,금융공학융합전공,소프트웨어학부,3,학사,전공,17182-03,인공지능,3-3,,,"수5,6 / 월6 / 310관(310관) 726호 <강의실> / 727호 <강의실>",,공학주제(설계1),
소프트웨어대학,금융공학융합전공,소프트웨어학부,3,학사,전공,17182-02,인공지능 (영어A강의),3-3,,,"월3,4 / 수3 / 310관(310관) 727호 <강의실>",,공학주제(설계1),
경영경제대학,금융공학융합전공,응용통계학과,3,학사,전공,53994-01,통계학습개론 (영어A강의),3-3,임예지,,화(10:30~11:45) / 목(10:30~11:45) / 310관(310관) 702호 <강의실>,,,
경영경제대학,금융공학융합전공,응용통계학과,4,학사,전공,57129-01,AI를 위한 머신러닝(캡스톤디자인) (영어A강의),3-3,곽일엽,,월(10:30~11:45) / 수(10:30~11:45) / 310관(310관) 815호 <세미나실8>,,,
자연과학대학,금융공학융합전공,수학과,4,학사,전공,33675-01,금융수학 (영어A강의),3-3,홍영훈,,"월7 / 수7,8 / 102관(102관(약학대학 및 R&D센터)) 805호 <강의실>",,,
대학(전체),금융공학융합전공,금융공학융합전공,4,학사,전공필수,56606-02,금융인공지능실습(2),3-3,김종현,,"목7,8,9 / 310관(310관) 412호 <강의실>",,융합전공,
소프트웨어대학,금융공학융합전공,소프트웨어학부,4,학사,전공,50648-01,빅 데이터,3-3,김무철,,"화5,6 / 목5 / 310관(310관) 726호 <강의실>",,공학주제,
경영경제대학,금융공학융합전공,응용통계학과,4,학사,전공,21893-01,통계학세미나 (영어A강의),3-3,김삼용,,화(10:30~11:45) / 목(10:30~11:45) / 310관(310관) 927호 <강의실>,,,
소프트웨어대학,금융공학융합전공,소프트웨어학부,4,학사,전공,56122-01,패턴 인식 응용,3-3,박재화,,"금4,5,6 / 208관(208관(제2공학관)) 213호 <SW교육 첨단강의실1>",,공학주제,
